{
  "node_count": 8,
  "edge_count": 10,
  "repeat": 5,
  "algorithms_match": true,
  "component_count": 4,
  "components": [
    [
      "A",
      "B",
      "C"
    ],
    [
      "D",
      "E"
    ],
    [
      "F",
      "G"
    ],
    [
      "H"
    ]
  ],
  "timings_ms": {
    "tarjan": [
      0.013865996152162552,
      0.00872599775902927,
      0.007925002137199044,
      0.009597992175258696,
      0.007614013156853616
    ],
    "kosaraju": [
      0.015570010873489082,
      0.013084994861856103,
      0.018755992641672492,
      0.012103002518415451,
      0.01134099147748202
    ]
  },
  "average_ms": {
    "tarjan": 0.009546,
    "kosaraju": 0.014171
  },
  "faster_algorithm": "tarjan"
}
