{
  "node_count": 8,
  "edge_count": 10,
  "repeat": 5,
  "algorithms_match": true,
  "component_count": 4,
  "components": [
    [
      "A",
      "B",
      "C"
    ],
    [
      "D",
      "E"
    ],
    [
      "F",
      "G"
    ],
    [
      "H"
    ]
  ],
  "timings_ms": {
    "tarjan": [
      0.010499992640689015,
      0.011691998224705458,
      0.007534996257163584,
      0.006823000148870051,
      0.007595008355565369
    ],
    "kosaraju": [
      0.01545000122860074,
      0.013155004126019776,
      0.011441996321082115,
      0.013605997082777321,
      0.013215001672506332
    ]
  },
  "average_ms": {
    "tarjan": 0.008829,
    "kosaraju": 0.013374
  },
  "faster_algorithm": "tarjan"
}
