{
  "node_count": 8,
  "edge_count": 10,
  "repeat": 5,
  "algorithms_match": true,
  "component_count": 4,
  "components": [
    [
      "A",
      "B",
      "C"
    ],
    [
      "D",
      "E"
    ],
    [
      "F",
      "G"
    ],
    [
      "H"
    ]
  ],
  "timings_ms": {
    "tarjan": [
      0.01048099875333719,
      0.009019000572152436,
      0.007464999725925736,
      0.006783999197068624,
      0.009188999683829024
    ],
    "kosaraju": [
      0.018749000446405262,
      0.01327700010733679,
      0.011484000424388796,
      0.011142999937874265,
      0.011083000572398305
    ]
  },
  "average_ms": {
    "tarjan": 0.008588,
    "kosaraju": 0.013147
  },
  "faster_algorithm": "tarjan"
}
