{
  "node_count": 8,
  "edge_count": 10,
  "repeat": 5,
  "algorithms_match": true,
  "component_count": 4,
  "components": [
    [
      "A",
      "B",
      "C"
    ],
    [
      "D",
      "E"
    ],
    [
      "F",
      "G"
    ],
    [
      "H"
    ]
  ],
  "timings_ms": {
    "tarjan": [
      0.010470001143403351,
      0.0089270033640787,
      0.007624010322615504,
      0.007785012712702155,
      0.007333990652114153
    ],
    "kosaraju": [
      0.017983998986892402,
      0.012994991266168654,
      0.016610996681265533,
      0.011701995390467346,
      0.013636003131978214
    ]
  },
  "average_ms": {
    "tarjan": 0.008428,
    "kosaraju": 0.014586
  },
  "faster_algorithm": "tarjan"
}
