{
  "frame_count": 5,
  "reference_string": [
    1,
    2,
    3,
    1,
    2,
    4,
    1,
    2,
    5,
    1,
    2,
    3,
    1,
    2,
    4,
    1,
    2,
    5,
    1,
    2,
    3,
    1,
    2,
    4,
    1,
    2,
    5,
    1,
    2,
    3,
    1,
    2,
    4,
    1,
    2,
    5,
    30,
    31,
    32,
    33,
    34,
    35,
    36,
    37,
    38,
    39,
    40,
    41,
    42,
    43,
    44,
    45,
    1,
    2,
    3,
    6,
    1,
    2,
    3,
    7,
    1,
    2,
    3,
    6,
    1,
    2,
    3,
    7,
    1,
    2,
    3,
    6,
    1,
    2,
    3,
    7,
    60,
    61,
    62,
    63,
    1,
    2,
    3,
    4
  ],
  "reference_length": 84,
  "writeback_penalty": 1.0,
  "dirty_pages": [],
  "dirty_page_count": 0,
  "dirty_page_description": "none",
  "fixed_window_sweep": {
    "frame_count": 5,
    "reference_string": [
      1,
      2,
      3,
      1,
      2,
      4,
      1,
      2,
      5,
      1,
      2,
      3,
      1,
      2,
      4,
      1,
      2,
      5,
      1,
      2,
      3,
      1,
      2,
      4,
      1,
      2,
      5,
      1,
      2,
      3,
      1,
      2,
      4,
      1,
      2,
      5,
      30,
      31,
      32,
      33,
      34,
      35,
      36,
      37,
      38,
      39,
      40,
      41,
      42,
      43,
      44,
      45,
      1,
      2,
      3,
      6,
      1,
      2,
      3,
      7,
      1,
      2,
      3,
      6,
      1,
      2,
      3,
      7,
      1,
      2,
      3,
      6,
      1,
      2,
      3,
      7,
      60,
      61,
      62,
      63,
      1,
      2,
      3,
      4
    ],
    "min_window": 1,
    "max_window": 10,
    "candidate_window_count": 10,
    "auto_window": 10,
    "auto_window_in_range": true,
    "auto_window_result": {
      "window": 10,
      "page_faults": 34,
      "hits": 50,
      "hit_rate": 0.595238,
      "writebacks": 0,
      "fault_rate": 0.404762,
      "weighted_score": 34.0
    },
    "writeback_penalty": 1.0,
    "dirty_pages": [],
    "dirty_page_count": 0,
    "dirty_page_description": "none",
    "evaluations": [
      {
        "window": 1,
        "page_faults": 34,
        "hits": 50,
        "hit_rate": 0.595238,
        "writebacks": 0,
        "fault_rate": 0.404762,
        "weighted_score": 34.0
      },
      {
        "window": 2,
        "page_faults": 34,
        "hits": 50,
        "hit_rate": 0.595238,
        "writebacks": 0,
        "fault_rate": 0.404762,
        "weighted_score": 34.0
      },
      {
        "window": 3,
        "page_faults": 33,
        "hits": 51,
        "hit_rate": 0.607143,
        "writebacks": 0,
        "fault_rate": 0.392857,
        "weighted_score": 33.0
      },
      {
        "window": 4,
        "page_faults": 34,
        "hits": 50,
        "hit_rate": 0.595238,
        "writebacks": 0,
        "fault_rate": 0.404762,
        "weighted_score": 34.0
      },
      {
        "window": 5,
        "page_faults": 34,
        "hits": 50,
        "hit_rate": 0.595238,
        "writebacks": 0,
        "fault_rate": 0.404762,
        "weighted_score": 34.0
      },
      {
        "window": 6,
        "page_faults": 34,
        "hits": 50,
        "hit_rate": 0.595238,
        "writebacks": 0,
        "fault_rate": 0.404762,
        "weighted_score": 34.0
      },
      {
        "window": 7,
        "page_faults": 34,
        "hits": 50,
        "hit_rate": 0.595238,
        "writebacks": 0,
        "fault_rate": 0.404762,
        "weighted_score": 34.0
      },
      {
        "window": 8,
        "page_faults": 34,
        "hits": 50,
        "hit_rate": 0.595238,
        "writebacks": 0,
        "fault_rate": 0.404762,
        "weighted_score": 34.0
      },
      {
        "window": 9,
        "page_faults": 34,
        "hits": 50,
        "hit_rate": 0.595238,
        "writebacks": 0,
        "fault_rate": 0.404762,
        "weighted_score": 34.0
      },
      {
        "window": 10,
        "page_faults": 34,
        "hits": 50,
        "hit_rate": 0.595238,
        "writebacks": 0,
        "fault_rate": 0.404762,
        "weighted_score": 34.0
      }
    ],
    "recommended_window": 3,
    "recommended": {
      "window": 3,
      "page_faults": 33,
      "hits": 51,
      "hit_rate": 0.607143,
      "writebacks": 0,
      "fault_rate": 0.392857,
      "weighted_score": 33.0
    },
    "best_fault_windows": [
      3
    ],
    "best_writeback_windows": [
      1,
      2,
      3,
      4,
      5,
      6,
      7,
      8,
      9,
      10
    ],
    "pareto_frontier": [
      {
        "window": 3,
        "page_faults": 33,
        "hits": 51,
        "hit_rate": 0.607143,
        "writebacks": 0,
        "fault_rate": 0.392857,
        "weighted_score": 33.0
      }
    ]
  },
  "adaptive_schedule": {
    "frame_count": 5,
    "reference_string": [
      1,
      2,
      3,
      1,
      2,
      4,
      1,
      2,
      5,
      1,
      2,
      3,
      1,
      2,
      4,
      1,
      2,
      5,
      1,
      2,
      3,
      1,
      2,
      4,
      1,
      2,
      5,
      1,
      2,
      3,
      1,
      2,
      4,
      1,
      2,
      5,
      30,
      31,
      32,
      33,
      34,
      35,
      36,
      37,
      38,
      39,
      40,
      41,
      42,
      43,
      44,
      45,
      1,
      2,
      3,
      6,
      1,
      2,
      3,
      7,
      1,
      2,
      3,
      6,
      1,
      2,
      3,
      7,
      1,
      2,
      3,
      6,
      1,
      2,
      3,
      7,
      60,
      61,
      62,
      63,
      1,
      2,
      3,
      4
    ],
    "reference_length": 84,
    "segment_length": 10,
    "segment_count": 9,
    "auto_window": 10,
    "min_window": 1,
    "max_window": 10,
    "reuse_percentile": 0.5,
    "dirty_window_bonus": 2,
    "dirty_pages": [],
    "dirty_page_count": 0,
    "dirty_page_description": "none",
    "segments": [
      {
        "segment_index": 1,
        "start_reference": 1,
        "end_reference": 10,
        "window": 10,
        "history_reference_count": 0,
        "history_unique_pages": 0,
        "history_reuse_percentile": null,
        "history_reuse_p90": null,
        "recent_dirty_ratio": 0.0,
        "phase_overlap": null,
        "reason": "initial auto window"
      },
      {
        "segment_index": 2,
        "start_reference": 11,
        "end_reference": 20,
        "window": 3,
        "history_reference_count": 10,
        "history_unique_pages": 5,
        "history_reuse_percentile": 2.0,
        "history_reuse_p90": 2.0,
        "recent_dirty_ratio": 0.0,
        "phase_overlap": 0.4,
        "reason": "recent reuse p50\u22482.00, unique=5, phase_overlap=0.40"
      },
      {
        "segment_index": 3,
        "start_reference": 21,
        "end_reference": 30,
        "window": 3,
        "history_reference_count": 10,
        "history_unique_pages": 5,
        "history_reuse_percentile": 2.0,
        "history_reuse_p90": 2.0,
        "recent_dirty_ratio": 0.0,
        "phase_overlap": 0.4,
        "reason": "recent reuse p50\u22482.00, unique=5, phase_overlap=0.40"
      },
      {
        "segment_index": 4,
        "start_reference": 31,
        "end_reference": 40,
        "window": 3,
        "history_reference_count": 10,
        "history_unique_pages": 5,
        "history_reuse_percentile": 2.0,
        "history_reuse_p90": 4.0,
        "recent_dirty_ratio": 0.0,
        "phase_overlap": 0.6,
        "reason": "recent reuse p50\u22482.00, unique=5, phase_overlap=0.60"
      },
      {
        "segment_index": 5,
        "start_reference": 41,
        "end_reference": 50,
        "window": 4,
        "history_reference_count": 10,
        "history_unique_pages": 8,
        "history_reuse_percentile": 2.0,
        "history_reuse_p90": 2.0,
        "recent_dirty_ratio": 0.0,
        "phase_overlap": 0.0,